key,fare
58:00.0,9.85
25:00.0,20.78
35:00.0,7.53
10:46.0,11.48
54:56.0,21.99
25:00.0,7.99
43:00.0,9.53
03:55.0,8.39
37:27.0,14.5
49:22.0,12.66
52:51.0,10.22
07:15.0,6.37
53:00.0,6.59
42:00.0,16.12
00:38.0,11.74
02:00.0,9.93
37:00.0,8.5
02:33.0,12.81
20:00.0,36.07
36:22.0,16.27
50:40.0,6.85
44:11.0,9.48
28:18.0,8.22
01:00.0,10.15
38:52.0,9.35
25:49.0,5.57
14:07.0,9.97
13:39.0,6.72
45:00.0,30.45
42:00.0,7.14
41:00.0,7.39
01:34.0,7.82
15:00.0,33.96
43:53.0,8.12
26:00.0,8.16
39:33.0,7.25
01:00.0,6.24
07:22.0,5.15
12:40.0,8.53
27:00.0,6.44
54:00.0,7.97
58:00.0,16.45
32:00.0,23.9
53:35.0,5.86
47:00.0,5.63
22:00.0,9.82
34:00.0,21.07
26:00.0,6.91
41:00.0,5.37
32:55.0,10.02
11:00.0,8.03
22:45.0,4.47
01:00.0,15.68
04:00.0,8.37
49:58.0,8.33
00:00.0,7.38
34:00.0,56.22
55:48.0,18.21
47:01.0,9.19
37:34.0,8.91
13:12.0,9.26
49:53.0,13.38
47:00.0,20.71
06:56.0,6.94
11:35.0,4.59
06:30.0,9.93
08:00.0,6.38
56:00.0,17.5
29:49.0,5.31
47:00.0,6.53
09:00.0,14.75
23:00.0,6.14
36:19.0,5.67
39:00.0,6.41
51:07.0,11.02
44:35.0,9.8
41:00.0,7.55
10:00.0,14.48
44:00.0,13.85
26:32.0,7.65
01:00.0,5.39
56:55.0,16.01
51:00.0,13.21
54:38.0,6.65
51:00.0,10.0
56:01.0,6.18
38:00.0,7.28
22:00.0,5.87
01:00.0,9.41
38:10.0,14.9
47:00.0,9.54
26:36.0,7.91
46:00.0,10.27
08:00.0,37.76
17:00.0,11.38
31:00.0,4.46
17:25.0,8.3
09:00.0,10.92
22:36.0,8.63
00:30.0,5.65
20:32.0,11.89
46:57.0,21.13
17:20.0,7.23
41:00.0,6.14
33:19.0,7.23
16:00.0,5.38
09:00.0,6.66
01:00.0,11.45
00:00.0,5.17
08:00.0,14.16
31:00.0,6.94
35:00.0,22.01
51:18.0,6.14
59:00.0,7.47
45:00.0,6.03
30:40.0,16.17
22:48.0,6.17
31:13.0,12.39
16:00.0,11.14
11:28.0,28.46
09:00.0,7.28
55:29.0,5.92
51:00.0,5.06
44:31.0,5.48
33:18.0,5.67
34:12.0,6.55
23:00.0,8.25
03:30.0,6.32
49:00.0,8.71
02:00.0,8.49
15:09.0,9.29
59:03.0,46.0
45:45.0,7.09
56:00.0,9.77
17:59.0,8.39
58:40.0,9.47
06:00.0,7.17
42:00.0,5.51
58:50.0,8.3
12:19.0,5.12
40:27.0,5.73
42:04.0,4.61
12:13.0,9.59
04:53.0,7.75
56:00.0,6.21
00:36.0,6.85
50:50.0,5.69
16:00.0,6.87
27:00.0,7.06
31:41.0,17.5
02:00.0,8.95
37:44.0,5.44
43:00.0,6.71
50:03.0,7.58
17:00.0,6.14
44:52.0,10.22
48:00.0,7.25
53:00.0,10.26
25:09.0,12.19
58:27.0,7.02
27:00.0,7.24
07:00.0,5.61
03:00.0,7.46
31:04.0,7.35
28:05.0,10.26
58:19.0,4.63
36:13.0,7.42
56:32.0,5.57
51:14.0,8.45
22:00.0,5.35
10:00.0,45.19
30:46.0,7.21
35:00.0,5.54
57:55.0,22.46
56:00.0,9.85
26:19.0,12.32
47:26.0,7.19
38:00.0,10.28
20:00.0,6.24
57:00.0,9.14
14:00.0,4.99
25:00.0,8.35
32:27.0,8.13
56:51.0,10.02
49:20.0,8.6
50:50.0,13.3
15:06.0,8.46
54:10.0,9.13
11:00.0,6.5
51:31.0,10.44
14:47.0,6.31
54:00.0,9.96
51:45.0,22.5
57:00.0,7.01
22:21.0,8.15
52:40.0,11.11
14:00.0,4.39
22:00.0,8.48
07:25.0,14.24
48:01.0,10.26
37:32.0,14.68
13:41.0,5.96
00:11.0,17.0
58:00.0,7.05
04:06.0,7.1
13:50.0,13.84
12:49.0,10.71
12:32.0,6.09
59:00.0,8.37
49:10.0,8.01
16:06.0,18.57
38:00.0,8.63
19:00.0,34.27
26:06.0,8.36
34:00.0,16.82
18:00.0,5.58
48:48.0,7.04
38:20.0,6.21
05:51.0,9.75
16:59.0,8.42
57:18.0,13.8
35:25.0,7.62
36:17.0,6.63
41:27.0,7.84
55:13.0,5.16
18:28.0,8.64
04:00.0,11.74
11:45.0,47.71
32:53.0,15.22
51:04.0,6.83
32:42.0,24.59
39:00.0,10.32
48:00.0,6.81
31:45.0,5.73
16:33.0,10.48
44:55.0,29.42
24:00.0,13.15
59:19.0,6.53
53:23.0,6.48
36:18.0,5.62
00:00.0,15.54
08:00.0,25.38
30:00.0,5.26
26:34.0,8.02
59:15.0,8.08
21:00.0,5.25
39:53.0,8.29
45:00.0,8.95
53:11.0,17.06
56:48.0,9.18
17:02.0,44.03
14:48.0,4.89
01:00.0,19.04
53:23.0,20.9
30:00.0,54.36
11:00.0,7.21
55:00.0,9.32
21:45.0,8.41
25:34.0,9.09
42:18.0,10.39
19:41.0,8.11
31:00.0,7.8
16:45.0,9.81
08:09.0,7.06
40:02.0,11.74
45:00.0,11.08
25:54.0,5.31
32:00.0,7.28
46:33.0,5.54
50:00.0,7.65
37:00.0,9.2
21:00.0,8.16
32:28.0,16.9
28:00.0,6.21
31:53.0,5.08
43:42.0,6.75
22:31.0,8.81
55:00.0,6.62
08:00.0,11.33
18:00.0,12.15
12:00.0,17.92
10:23.0,13.67
11:00.0,9.01
58:00.0,4.92
11:52.0,5.3
28:00.0,8.88
12:00.0,13.32
48:56.0,5.05
46:00.0,8.38
40:00.0,6.36
31:35.0,9.47
53:00.0,8.5
40:00.0,7.78
31:00.0,30.2
21:00.0,5.72
04:19.0,53.07
57:27.0,7.76
42:00.0,4.98
22:36.0,7.56
37:14.0,5.52
58:44.0,8.24
50:00.0,11.45
38:09.0,15.05
53:56.0,5.21
33:00.0,14.92
26:00.0,9.99
30:02.0,7.97
03:00.0,11.95
28:00.0,5.68
42:12.0,5.66
11:23.0,10.67
49:41.0,7.01
17:00.0,6.75
45:00.0,6.09
04:00.0,10.75
44:00.0,18.67
14:00.0,7.66
10:00.0,8.95
32:00.0,7.12
25:29.0,12.77
52:11.0,5.3
56:00.0,17.28
52:53.0,9.4
46:00.0,15.68
44:29.0,5.61
33:33.0,5.59
41:23.0,6.37
45:00.0,6.78
55:00.0,9.91
07:00.0,8.78
47:15.0,10.63
44:00.0,4.73
08:00.0,6.8
04:03.0,9.74
34:00.0,12.34
15:00.0,11.53
59:26.0,5.21
23:00.0,7.24
57:00.0,9.91
02:09.0,9.85
51:00.0,6.57
27:00.0,9.45
30:00.0,15.93
43:35.0,24.0
05:53.0,5.42
13:00.0,4.54
43:00.0,5.27
06:00.0,8.43
50:00.0,8.63
25:51.0,9.49
17:07.0,15.03
07:37.0,9.18
26:33.0,6.77
52:04.0,10.5
47:00.0,10.75
12:00.0,9.98
04:29.0,5.77
02:00.0,30.67
44:12.0,14.63
01:24.0,8.91
16:00.0,9.69
59:00.0,6.81
35:00.0,6.71
18:30.0,24.36
39:00.0,7.29
16:00.0,12.3
41:00.0,6.81
44:12.0,7.9
47:03.0,8.36
18:29.0,6.19
07:00.0,6.89
18:00.0,33.72
30:41.0,5.63
20:30.0,7.05
09:37.0,11.74
11:00.0,9.02
59:00.0,5.31
32:00.0,5.8
20:00.0,5.37
15:39.0,9.84
31:00.0,9.24
32:26.0,6.77
01:00.0,12.73
22:37.0,5.41
18:12.0,11.14
25:00.0,9.45
45:00.0,5.32
37:00.0,8.62
55:16.0,8.47
16:08.0,13.18
07:00.0,8.85
12:23.0,7.62
48:00.0,11.5
20:12.0,6.91
09:00.0,6.52
51:22.0,6.16
03:14.0,7.33
04:06.0,4.71
54:47.0,15.15
46:15.0,6.53
53:25.0,25.76
43:00.0,11.74
00:00.0,10.17
57:00.0,27.75
12:00.0,24.04
23:17.0,5.14
13:00.0,14.1
14:00.0,21.62
20:53.0,6.71
31:19.0,4.61
40:00.0,6.57
38:12.0,33.95
43:00.0,6.85
19:32.0,7.47
02:00.0,5.73
09:04.0,5.92
38:41.0,6.85
59:00.0,7.54
36:00.0,6.22
28:00.0,5.22
22:00.0,11.16
14:00.0,5.91
06:26.0,15.85
53:00.0,9.46
33:00.0,4.88
26:00.0,8.45
31:10.0,19.53
03:00.0,6.02
29:57.0,28.63
40:24.0,32.09
43:16.0,8.23
48:01.0,7.83
37:00.0,10.31
37:21.0,8.38
03:49.0,15.56
42:13.0,10.16
22:00.0,10.48
10:38.0,23.35
12:00.0,11.76
09:20.0,11.11
08:38.0,5.65
52:31.0,10.08
32:00.0,11.33
15:00.0,12.01
31:00.0,7.18
39:00.0,15.68
35:00.0,11.33
32:31.0,31.45
15:23.0,9.27
44:56.0,9.91
45:00.0,8.67
40:38.0,8.43
34:03.0,5.68
33:27.0,10.71
28:59.0,10.17
14:00.0,8.7
46:59.0,5.66
44:00.0,11.19
05:22.0,8.39
42:00.0,9.69
48:15.0,7.95
29:31.0,7.82
39:00.0,6.3
54:00.0,5.93
46:39.0,8.98
04:00.0,11.74
25:00.0,8.17
58:39.0,6.81
08:00.0,8.86
01:58.0,7.04
00:37.0,9.86
47:04.0,11.22
56:00.0,11.3
08:00.0,17.22
02:26.0,5.02
44:19.0,8.72
46:58.0,29.38
17:00.0,20.24
05:00.0,6.91
29:23.0,24.52
38:00.0,7.21
13:38.0,8.06
02:00.0,15.27
03:23.0,6.23
27:00.0,7.31
26:00.0,21.22
45:54.0,10.51
49:14.0,10.86
51:00.0,11.24
05:00.0,8.64
58:00.0,8.87
52:42.0,8.3
26:00.0,6.95
13:42.0,11.42
44:00.0,22.05
17:20.0,6.78
05:00.0,13.48
32:00.0,7.97
07:05.0,7.53
16:54.0,7.69
51:01.0,8.66
04:57.0,11.7
53:01.0,4.72
32:13.0,7.06
06:43.0,31.92
49:35.0,4.97
04:01.0,11.74
12:13.0,14.09
25:07.0,26.83
31:00.0,6.21
19:00.0,8.16
54:00.0,19.96
32:19.0,33.54
07:00.0,9.9
52:28.0,12.23
45:23.0,9.79
48:00.0,30.57
50:52.0,21.76
43:43.0,4.65
59:00.0,5.95
46:54.0,8.76
53:07.0,7.63
21:00.0,6.16
26:00.0,7.74
16:00.0,9.95
38:27.0,54.71
12:00.0,6.46
52:00.0,10.08
41:36.0,5.91
36:26.0,7.39
27:00.0,5.12
05:07.0,10.18
29:00.0,5.76
05:00.0,5.46
25:00.0,10.1
06:34.0,6.97
21:25.0,7.49
24:00.0,13.83
02:38.0,5.91
10:00.0,48.96
14:00.0,7.86
29:00.0,6.21
19:44.0,23.57
41:32.0,10.52
33:00.0,11.05
42:02.0,11.18
34:00.0,5.29
49:21.0,8.31
47:00.0,7.92
34:58.0,10.45
33:00.0,17.88
28:20.0,8.34
27:58.0,6.17
57:20.0,7.68
34:34.0,7.2
24:00.0,7.1
18:35.0,9.56
37:00.0,7.26
17:00.0,6.74
04:14.0,15.79
44:23.0,5.9
44:00.0,5.2
03:27.0,6.07
59:00.0,6.08
53:03.0,7.84
52:00.0,6.0
14:21.0,8.85
29:00.0,12.63
20:00.0,15.33
29:00.0,12.39
02:09.0,4.77
19:28.0,10.08
09:00.0,6.88
07:03.0,19.1
01:46.0,8.92
47:39.0,5.12
46:11.0,16.24
00:30.0,7.99
42:58.0,9.43
44:51.0,23.2
08:46.0,12.58
55:00.0,9.57
08:00.0,7.87
54:00.0,6.48
02:00.0,5.47
32:21.0,9.98
18:08.0,5.37
01:00.0,8.97
43:41.0,5.47
25:20.0,5.35
52:00.0,12.4
29:16.0,8.2
11:00.0,6.65
07:00.0,51.49
35:00.0,11.1
07:34.0,5.65
13:35.0,8.47
41:00.0,5.24
00:23.0,6.75
46:00.0,5.28
59:00.0,8.11
34:17.0,10.34
21:17.0,5.66
30:49.0,5.09
46:12.0,7.26
43:54.0,12.62
07:00.0,11.41
51:00.0,6.38
58:00.0,10.54
20:00.0,6.85
34:07.0,6.6
06:12.0,31.36
49:00.0,7.86
10:00.0,5.52
16:44.0,5.93
32:41.0,10.83
49:51.0,9.39
43:00.0,15.99
50:00.0,5.64
05:00.0,5.82
15:01.0,12.35
28:00.0,11.35
39:51.0,5.23
28:36.0,29.32
12:59.0,6.01
20:28.0,6.06
04:00.0,43.31
50:09.0,8.6
22:00.0,4.56
39:00.0,6.02
56:00.0,12.2
08:00.0,9.82
54:00.0,16.01
35:00.0,6.44
58:05.0,5.44
37:00.0,16.98
02:00.0,37.85
54:28.0,5.85
58:45.0,9.76
42:22.0,7.66
39:00.0,10.65
21:23.0,5.37
03:00.0,6.41
48:13.0,14.78
27:00.0,9.57
33:00.0,6.16
19:52.0,4.94
55:00.0,12.71
32:50.0,8.37
00:24.0,15.58
40:15.0,15.82
25:00.0,8.17
30:00.0,5.45
03:00.0,8.33
03:00.0,7.81
33:30.0,12.58
54:00.0,11.13
11:00.0,13.84
48:00.0,34.33
57:00.0,6.51
30:18.0,6.96
42:22.0,10.46
26:00.0,9.11
11:20.0,11.33
24:52.0,12.74
52:00.0,9.33
23:55.0,5.54
28:25.0,11.78
56:02.0,10.9
41:18.0,7.87
15:00.0,7.52
45:49.0,11.65
48:04.0,11.23
00:46.0,10.82
10:00.0,9.95
13:52.0,5.99
31:00.0,18.45
01:44.0,7.78
50:32.0,12.2
06:09.0,28.54
41:13.0,7.09
45:00.0,6.68
45:14.0,5.77
02:00.0,7.72
40:00.0,7.87
28:00.0,5.64
59:00.0,11.04
23:14.0,14.05
06:19.0,10.39
06:10.0,9.74
22:16.0,7.1
34:00.0,10.6
33:55.0,13.11
23:00.0,12.8
03:00.0,20.05
28:00.0,8.41
04:34.0,10.27
59:00.0,6.57
21:22.0,5.53
21:00.0,6.24
11:55.0,8.32
21:15.0,5.7
55:00.0,6.83
25:00.0,6.95
23:00.0,28.29
24:00.0,5.92
43:00.0,7.86
40:00.0,6.43
17:13.0,32.08
32:36.0,24.18
41:14.0,10.39
11:50.0,7.1
22:29.0,12.34
05:55.0,5.72
34:00.0,5.96
39:00.0,5.72
35:00.0,43.16
42:49.0,11.13
44:00.0,13.92
07:50.0,9.34
46:34.0,17.15
59:31.0,12.4
04:23.0,12.21
54:00.0,8.07
41:00.0,12.73
56:52.0,8.83
43:00.0,7.79
46:27.0,6.15
22:00.0,16.91
09:17.0,6.71
56:59.0,12.31
53:00.0,7.52
46:00.0,17.34
38:00.0,10.59
45:02.0,6.6
23:55.0,6.74
24:15.0,4.85
06:45.0,22.26
20:00.0,9.15
49:00.0,8.7
54:00.0,8.53
21:00.0,12.67
21:12.0,5.16
22:00.0,6.87
48:27.0,7.29
10:30.0,11.33
45:00.0,14.84
04:30.0,7.03
18:11.0,9.06
14:00.0,4.86
00:42.0,13.45
29:36.0,14.89
31:00.0,4.72
57:00.0,7.4
53:35.0,6.69
22:00.0,4.73
57:45.0,8.11
31:50.0,6.36
30:00.0,7.04
41:35.0,4.65
46:54.0,6.83
02:21.0,9.52
46:16.0,11.74
02:21.0,10.34
31:00.0,7.51
48:00.0,5.38
15:00.0,6.83
17:00.0,11.59
27:46.0,5.68
35:09.0,9.62
38:20.0,14.24
34:00.0,34.97
48:35.0,54.12
37:00.0,5.66
11:00.0,5.91
48:02.0,7.28
32:00.0,7.49
29:00.0,6.69
09:30.0,5.8
14:20.0,10.3
29:00.0,8.54
55:17.0,15.22
49:00.0,54.14
43:00.0,8.65
51:23.0,5.03
44:48.0,7.48
16:00.0,9.04
54:19.0,5.36
52:26.0,5.07
19:27.0,12.03
43:01.0,15.09
10:08.0,11.05
39:00.0,12.91
51:52.0,6.49
16:00.0,8.76
58:04.0,10.12
37:41.0,17.46
41:38.0,8.7
57:05.0,5.62
08:11.0,8.77
47:00.0,13.43
19:00.0,8.38
01:12.0,26.51
20:23.0,5.05
10:40.0,5.39
36:17.0,17.07
52:16.0,9.74
41:00.0,19.63
59:00.0,7.99
53:00.0,10.43
27:33.0,26.21
16:21.0,6.06
39:09.0,8.02
46:35.0,6.46
41:19.0,6.36
34:29.0,7.68
59:02.0,6.85
50:00.0,8.81
47:05.0,7.04
07:00.0,12.62
21:00.0,7.39
24:34.0,11.54
06:58.0,13.87
56:00.0,9.98
34:58.0,7.5
42:01.0,32.65
37:31.0,5.76
01:44.0,7.84
46:00.0,6.67
28:24.0,5.55
04:04.0,6.95
36:25.0,11.28
16:53.0,14.55
17:00.0,25.97
39:00.0,6.28
37:00.0,9.52
19:27.0,11.33
14:34.0,33.48
59:00.0,11.11
01:00.0,7.64
13:00.0,12.69
29:00.0,6.21
14:02.0,11.74
46:35.0,10.74
12:13.0,11.21
52:00.0,6.67
51:56.0,13.21
49:00.0,9.6
10:43.0,6.84
42:00.0,36.45
13:32.0,5.08
30:56.0,12.15
43:32.0,11.6
08:45.0,5.64
59:18.0,9.53
08:45.0,9.98
04:06.0,10.58
18:23.0,17.05
18:34.0,5.85
47:06.0,7.67
16:00.0,6.39
29:38.0,21.07
23:50.0,31.61
32:00.0,8.86
14:00.0,5.91
58:00.0,7.46
37:49.0,8.65
32:00.0,12.27
09:00.0,8.2
30:24.0,5.0
59:00.0,9.01
39:21.0,6.35
41:11.0,6.01
29:03.0,6.88
10:03.0,17.97
14:21.0,5.44
08:11.0,4.67
39:08.0,6.27
04:00.0,8.07
30:56.0,5.05
11:00.0,19.49
00:00.0,14.31
14:09.0,11.77
06:00.0,6.31
43:00.0,9.27
17:00.0,8.44
40:00.0,5.57
20:52.0,8.67
35:00.0,19.26
28:00.0,6.85
53:02.0,30.77
30:00.0,12.18
34:27.0,7.39
49:00.0,9.11
24:00.0,27.91
00:00.0,7.21
09:58.0,54.57
11:00.0,8.36
42:00.0,5.85
59:57.0,8.56
44:00.0,36.37
46:46.0,5.93
50:00.0,8.37
23:00.0,7.17
07:00.0,9.44
57:00.0,11.74
54:00.0,10.59
25:18.0,12.8
18:00.0,5.85
26:00.0,9.12
40:00.0,6.6
10:00.0,33.8
29:00.0,5.01
07:06.0,6.32
52:00.0,6.75
23:00.0,7.74
54:00.0,16.44
57:11.0,7.52
07:18.0,5.86
02:00.0,9.26
19:16.0,16.74
14:01.0,10.91
35:00.0,11.95
38:38.0,5.94
50:38.0,7.56
43:57.0,7.02
41:11.0,6.09
21:03.0,49.82
22:37.0,5.47
51:07.0,12.13
56:59.0,12.89
46:00.0,15.74
15:00.0,6.49
22:05.0,9.7
18:00.0,6.18
00:33.0,4.98
27:00.0,7.06
11:00.0,8.72
49:00.0,5.57
26:00.0,5.06
45:15.0,6.38
31:13.0,6.19
53:23.0,9.62
34:00.0,5.71
32:38.0,7.06
22:00.0,8.09
28:57.0,20.68
29:29.0,7.28
56:47.0,16.77
27:15.0,26.54
23:13.0,12.18
53:00.0,12.92
42:00.0,6.72
00:00.0,11.79
24:00.0,37.08
04:00.0,38.34
23:03.0,6.84
22:30.0,32.02
20:00.0,13.17
22:05.0,7.32
43:17.0,6.71
00:55.0,6.02
04:37.0,8.37
41:57.0,5.37
51:00.0,13.41
09:02.0,5.27
49:00.0,41.88
41:00.0,8.8
03:00.0,7.69
44:25.0,31.97
10:13.0,5.27
43:00.0,4.7
59:33.0,7.34
03:00.0,10.7
35:07.0,8.86
10:28.0,13.99
28:00.0,11.6
56:10.0,7.05
24:00.0,13.21
11:24.0,5.66
56:25.0,9.32
41:35.0,5.55
02:15.0,15.99
47:45.0,9.01
20:00.0,7.84
58:00.0,8.4
14:46.0,12.52
17:34.0,5.55
37:10.0,27.4
23:53.0,6.57
59:04.0,12.93
44:00.0,23.12
11:00.0,7.07
50:56.0,17.01
38:34.0,20.6
31:00.0,11.18
56:00.0,5.39
17:00.0,5.92
38:56.0,8.11
49:00.0,6.77
14:51.0,21.72
45:00.0,4.91
13:04.0,6.64
27:00.0,7.75
20:00.0,15.78
56:36.0,7.08
54:00.0,5.6
24:00.0,7.63
29:00.0,5.76
47:30.0,11.14
52:23.0,6.65
11:00.0,9.77
20:00.0,6.69
26:00.0,25.22
51:16.0,8.33
18:15.0,4.93
17:57.0,7.56
15:15.0,13.35
47:00.0,13.86
21:00.0,7.41
13:04.0,9.71
46:30.0,5.45
42:36.0,9.19
00:00.0,5.22
17:56.0,6.45
21:06.0,6.44
53:09.0,36.68
57:00.0,13.79
59:00.0,4.97
33:39.0,11.22
42:14.0,9.58
43:00.0,4.36
12:00.0,7.65
21:51.0,6.27
04:00.0,55.46
03:08.0,23.07
37:00.0,10.27
08:07.0,5.67
06:00.0,6.99
01:58.0,6.76
40:00.0,14.56
34:03.0,7.83
39:00.0,6.37
53:05.0,49.43
38:17.0,7.53
05:00.0,6.41
07:33.0,11.78
06:00.0,9.47
36:00.0,52.81
45:00.0,7.08
14:00.0,6.36
26:07.0,9.96
14:00.0,31.73
03:00.0,5.01
42:07.0,7.06
52:11.0,11.74
36:00.0,14.01
45:00.0,7.53
43:45.0,10.7
41:12.0,5.61
06:00.0,7.37
05:22.0,12.37
09:05.0,10.47
20:03.0,8.46
36:47.0,7.52
58:44.0,10.33
26:08.0,17.23
17:10.0,7.87
26:00.0,7.59
26:00.0,8.59
39:26.0,16.37
57:39.0,14.74
16:20.0,4.55
23:00.0,5.84
29:18.0,19.78
43:00.0,10.87
37:14.0,7.39
48:00.0,7.4
54:45.0,11.74
22:21.0,5.59
09:05.0,8.85
11:52.0,7.3
05:00.0,6.86
57:00.0,8.58
40:02.0,21.72
58:59.0,21.78
49:00.0,7.9
41:41.0,9.32
42:00.0,11.08
56:00.0,6.42
55:27.0,9.4
32:29.0,12.0
33:38.0,8.66
02:08.0,6.64
55:09.0,9.06
59:00.0,7.81
41:00.0,5.5
55:51.0,10.17
46:15.0,11.85
22:00.0,17.22
23:58.0,8.93
27:49.0,25.62
16:00.0,31.71
07:00.0,34.3
52:38.0,9.23
27:33.0,15.45
12:00.0,5.73
06:08.0,5.82
09:17.0,6.25
25:00.0,9.31
24:00.0,7.18
53:26.0,36.74
24:00.0,6.91
43:11.0,7.65
02:57.0,27.53
10:00.0,5.78
37:01.0,6.76
46:55.0,8.39
10:00.0,20.55
50:00.0,4.93
06:11.0,7.1
53:00.0,5.53
03:18.0,13.15
04:41.0,17.29
42:45.0,14.92
14:19.0,20.52
39:00.0,8.84
43:00.0,6.99
43:58.0,12.96
47:00.0,13.94
52:00.0,7.79
13:00.0,6.81
49:50.0,5.92
52:00.0,5.83
37:00.0,6.03
13:31.0,8.54
23:32.0,12.12
58:35.0,49.13
13:00.0,7.21
09:00.0,29.87
50:00.0,9.58
17:00.0,10.13
03:00.0,5.13
49:56.0,7.74
05:00.0,4.84
58:00.0,5.94
31:37.0,40.32
50:52.0,6.44
52:22.0,15.97
47:00.0,9.82
30:00.0,11.33
34:45.0,14.49
17:24.0,6.01
53:00.0,17.86
27:29.0,6.53
33:00.0,5.63
58:51.0,11.09
16:00.0,5.98
15:29.0,6.57
21:14.0,10.35
53:00.0,11.28
35:00.0,7.42
36:00.0,6.44
00:00.0,8.73
53:29.0,10.69
24:00.0,7.61
42:43.0,24.1
16:50.0,11.1
53:00.0,13.85
24:00.0,4.69
21:53.0,10.25
52:42.0,5.69
26:04.0,6.24
52:00.0,8.68
53:00.0,49.52
13:00.0,10.08
00:00.0,5.8
44:00.0,8.86
48:42.0,7.98
51:00.0,19.32
25:38.0,9.66
11:00.0,11.46
18:00.0,8.03
08:00.0,8.48
50:32.0,5.88
53:00.0,8.54
59:11.0,11.54
50:44.0,6.81
31:56.0,15.67
53:41.0,8.37
11:00.0,8.43
11:00.0,7.23
12:53.0,7.22
29:56.0,28.75
51:00.0,12.58
37:00.0,62.42
14:05.0,7.03
49:34.0,7.26
16:36.0,6.99
20:33.0,5.92
57:00.0,7.29
59:00.0,5.44
42:20.0,7.83
54:00.0,7.06
22:00.0,7.91
04:00.0,13.37
58:36.0,52.36
12:44.0,11.21
55:00.0,53.19
51:00.0,7.17
32:32.0,11.92
37:20.0,13.81
37:32.0,7.5
04:29.0,6.3
19:00.0,12.54
10:00.0,5.96
37:00.0,10.92
23:35.0,18.35
56:37.0,7.82
05:33.0,10.28
21:00.0,5.57
18:36.0,5.72
35:00.0,27.39
47:07.0,10.79
23:00.0,16.03
38:00.0,24.53
46:23.0,10.73
43:00.0,9.94
00:00.0,10.93
25:14.0,12.87
08:00.0,17.06
24:00.0,16.36
42:00.0,9.21
29:00.0,7.49
58:00.0,28.21
43:19.0,10.22
17:42.0,7.67
22:54.0,6.73
24:00.0,20.47
10:00.0,11.03
12:00.0,11.25
59:00.0,5.57
55:00.0,16.87
49:21.0,7.39
27:00.0,7.51
02:00.0,11.89
23:00.0,5.41
00:00.0,6.12
34:00.0,7.19
00:00.0,9.33
06:50.0,30.24
35:00.0,16.43
37:22.0,13.67
16:00.0,9.84
34:00.0,17.84
26:33.0,6.69
50:47.0,11.92
40:50.0,6.88
39:00.0,5.99
35:00.0,10.5
34:43.0,18.93
25:00.0,5.9
49:07.0,7.48
17:00.0,11.17
39:50.0,6.76
21:00.0,5.37
04:00.0,7.87
49:00.0,7.75
51:58.0,11.74
45:00.0,33.3
14:35.0,11.33
55:00.0,14.14
23:39.0,12.03
43:41.0,5.64
28:00.0,8.23
22:00.0,16.35
33:00.0,6.15
43:00.0,6.18
12:00.0,13.8
35:43.0,9.06
23:02.0,7.76
55:00.0,42.48
21:00.0,7.8
41:00.0,30.21
01:03.0,14.89
25:00.0,7.8
16:04.0,5.96
09:21.0,8.91
01:23.0,7.49
01:49.0,5.63
13:20.0,6.14
37:00.0,9.29
24:00.0,10.9
47:57.0,9.27
16:00.0,8.01
51:36.0,14.08
06:10.0,7.0
52:00.0,13.31
58:38.0,4.7
26:24.0,14.32
32:00.0,16.81
57:00.0,5.62
40:00.0,6.34
21:00.0,31.24
01:42.0,36.46
04:09.0,15.54
57:43.0,39.61
42:00.0,8.28
46:00.0,32.23
46:37.0,38.97
12:17.0,5.51
20:00.0,8.55
28:00.0,6.89
22:00.0,8.63
10:00.0,6.59
16:00.0,8.66
02:30.0,8.57
35:59.0,8.6
56:14.0,6.8
29:00.0,7.63
33:00.0,7.88
47:54.0,8.33
36:00.0,31.27
00:27.0,9.3
30:00.0,5.49
27:27.0,7.18
54:40.0,7.02
40:41.0,24.29
35:25.0,16.54
28:00.0,10.55
27:59.0,13.08
56:03.0,5.79
05:10.0,6.56
57:01.0,7.28
34:40.0,49.38
16:17.0,6.27
24:29.0,8.42
34:00.0,8.09
13:00.0,16.75
01:00.0,12.2
51:00.0,5.4
45:00.0,12.18
06:00.0,8.53
54:00.0,4.81
36:00.0,5.03
38:01.0,8.65
20:11.0,3.55
58:22.0,12.81
45:00.0,5.19
43:37.0,5.91
50:56.0,9.59
17:00.0,6.63
43:12.0,20.31
10:17.0,8.03
32:00.0,20.3
32:00.0,5.84
24:00.0,5.86
29:00.0,14.65
26:38.0,8.42
13:00.0,6.45
07:00.0,19.75
47:27.0,9.84
50:35.0,29.77
20:00.0,6.47
35:00.0,10.31
40:00.0,6.27
14:56.0,5.53
32:25.0,16.0
55:23.0,6.72
22:00.0,6.04
47:11.0,11.38
28:50.0,8.14
09:03.0,8.68
05:08.0,6.05
19:00.0,7.9
46:00.0,28.77
16:44.0,6.81
13:05.0,9.76
10:35.0,6.91
09:00.0,9.61
18:19.0,14.56
20:45.0,20.63
04:00.0,6.16
37:30.0,10.69
29:00.0,31.94
21:00.0,6.32
19:00.0,6.69
13:00.0,7.13
48:20.0,6.37
46:00.0,11.74
10:43.0,7.88
16:17.0,8.81
33:00.0,7.68
44:00.0,10.28
29:59.0,8.93
13:00.0,15.09
47:53.0,53.03
15:00.0,9.1
08:00.0,10.86
31:25.0,7.74
13:00.0,10.47
19:00.0,12.76
20:31.0,9.93
20:14.0,26.9
42:02.0,5.21
51:00.0,5.38
40:58.0,7.83
03:00.0,6.08
50:14.0,6.77
29:20.0,5.97
06:00.0,13.34
18:00.0,8.6
55:28.0,10.84
10:39.0,14.34
18:21.0,13.73
50:00.0,14.35
43:00.0,10.11
52:00.0,6.73
09:28.0,5.95
56:00.0,8.71
26:08.0,6.32
29:00.0,9.0
47:00.0,5.72
47:00.0,8.91
12:29.0,9.94
11:00.0,6.98
12:30.0,8.12
25:42.0,6.66
32:00.0,5.6
28:38.0,6.71
13:47.0,5.52
43:27.0,9.19
20:43.0,6.4
44:57.0,7.19
43:03.0,16.2
05:53.0,6.62
11:00.0,5.08
34:00.0,7.63
03:10.0,7.52
10:38.0,17.92
25:11.0,6.69
21:19.0,6.57
14:16.0,5.54
14:11.0,11.78
43:12.0,8.91
45:45.0,33.0
55:47.0,9.48
49:07.0,14.04
58:00.0,7.74
12:48.0,13.52
30:38.0,8.24
53:55.0,7.19
49:00.0,8.36
18:12.0,7.45
10:47.0,7.68
54:22.0,5.52
56:02.0,7.96
15:00.0,6.2
52:00.0,10.28
11:21.0,14.57
32:46.0,14.93
48:25.0,6.22
48:00.0,6.92
18:00.0,5.47
19:50.0,7.09
59:00.0,9.21
18:00.0,5.2
01:52.0,9.88
08:00.0,13.46
27:52.0,11.69
46:00.0,7.47
00:55.0,10.58
46:00.0,8.83
03:00.0,6.96
47:24.0,6.27
31:00.0,6.3
58:47.0,5.22
51:38.0,19.88
19:00.0,11.36
12:00.0,9.12
57:40.0,6.82
38:00.0,10.73
29:00.0,6.9
27:41.0,5.45
25:40.0,7.39
29:55.0,8.37
51:15.0,6.88
35:22.0,14.87
10:00.0,8.46
02:00.0,6.02
49:47.0,19.24
26:00.0,11.4
43:27.0,10.59
41:10.0,50.25
10:04.0,11.45
29:00.0,7.1
24:34.0,15.9
35:23.0,6.88
55:00.0,17.27
00:07.0,15.33
51:22.0,7.06
33:39.0,7.49
43:00.0,18.08
33:07.0,5.96
59:15.0,7.32
26:58.0,7.25
55:25.0,8.92
33:00.0,8.99
28:15.0,6.95
19:48.0,6.98
16:51.0,8.17
26:49.0,32.02
39:00.0,6.35
32:10.0,10.35
15:00.0,7.22
09:00.0,11.74
19:00.0,11.74
13:47.0,8.12
41:00.0,5.8
51:46.0,9.17
17:00.0,12.62
50:06.0,52.09
00:00.0,14.78
42:13.0,6.71
52:00.0,5.02
42:00.0,20.24
21:00.0,6.76
57:39.0,8.61
22:00.0,10.1
20:00.0,17.21
22:00.0,7.73
02:00.0,12.38
00:07.0,13.8
32:00.0,14.94
20:00.0,9.27
31:00.0,6.78
23:00.0,11.15
01:00.0,54.19
30:00.0,6.97
38:56.0,5.35
43:00.0,8.42
34:24.0,8.96
06:00.0,5.08
12:20.0,6.28
11:30.0,6.43
03:32.0,11.28
43:00.0,5.63
49:00.0,7.42
26:38.0,8.99
16:00.0,11.74
37:00.0,5.25
59:48.0,8.34
14:23.0,28.52
22:00.0,5.5
10:00.0,6.44
47:36.0,6.36
35:59.0,6.04
28:47.0,32.01
14:00.0,5.69
38:47.0,5.7
11:00.0,6.33
59:13.0,5.49
00:00.0,49.52
04:02.0,12.21
43:00.0,13.81
01:00.0,13.73
23:59.0,10.05
38:19.0,15.57
12:58.0,10.75
39:00.0,11.75
05:00.0,7.28
45:40.0,5.99
36:00.0,7.04
48:57.0,4.62
01:00.0,12.04
26:00.0,5.94
50:00.0,12.53
06:13.0,8.36
36:12.0,9.0
18:24.0,6.8
25:32.0,7.89
27:36.0,7.55
24:38.0,12.15
31:26.0,7.04
24:11.0,10.87
41:00.0,11.09
07:21.0,8.31
58:26.0,10.91
30:00.0,17.54
40:00.0,5.8
33:41.0,16.17
10:00.0,5.74
44:00.0,32.94
09:39.0,6.53
54:22.0,12.28
15:00.0,8.31
23:56.0,14.52
07:51.0,30.35
56:00.0,8.03
10:00.0,7.94
49:30.0,15.63
05:00.0,7.31
49:00.0,6.43
58:56.0,7.77
51:51.0,6.14
53:31.0,5.74
31:21.0,8.46
49:00.0,6.0
41:40.0,5.86
16:31.0,14.07
48:06.0,31.22
01:05.0,9.67
58:00.0,12.32
00:54.0,7.81
34:37.0,32.79
40:00.0,8.13
43:00.0,15.11
01:22.0,6.54
47:16.0,10.4
50:00.0,9.28
01:10.0,6.67
24:00.0,11.48
21:00.0,11.74
09:44.0,5.63
02:59.0,11.0
18:00.0,45.76
51:17.0,8.62
30:48.0,7.4
49:00.0,17.92
33:28.0,7.24
36:21.0,16.51
08:12.0,10.67
53:00.0,7.46
43:36.0,6.28
57:22.0,11.74
28:00.0,5.3
42:00.0,6.01
13:00.0,6.97
47:57.0,4.77
16:02.0,5.67
06:00.0,10.01
10:07.0,7.76
59:57.0,6.4
06:26.0,7.83
58:53.0,8.19
10:49.0,9.79
22:55.0,9.14
20:34.0,32.68
55:59.0,7.14
43:29.0,11.74
53:00.0,9.88
08:51.0,6.0
08:00.0,7.95
59:58.0,9.14
57:45.0,8.99
32:51.0,6.36
29:18.0,10.28
01:10.0,6.27
48:00.0,11.97
33:30.0,5.15
07:07.0,14.7
32:57.0,6.12
38:39.0,9.1
43:00.0,15.23
57:00.0,12.69
30:00.0,8.75
51:01.0,19.61
17:00.0,6.57
02:00.0,9.98
40:00.0,9.31
06:00.0,9.44
22:00.0,16.85
59:00.0,13.98
26:28.0,7.36
31:00.0,11.36
09:10.0,6.68
49:10.0,10.34
28:01.0,6.64
52:14.0,7.99
34:00.0,11.74
59:00.0,8.07
19:00.0,11.66
02:51.0,18.92
55:00.0,16.58
41:43.0,4.75
28:52.0,6.01
14:47.0,5.84
06:00.0,6.53
16:00.0,5.87
08:36.0,11.16
39:00.0,14.65
55:00.0,8.39
02:00.0,15.49
38:00.0,17.18
19:00.0,49.17
55:31.0,8.74
15:15.0,8.13
22:17.0,6.63
47:00.0,16.82
59:06.0,7.04
02:31.0,6.96
09:09.0,7.59
45:00.0,6.9
35:28.0,11.96
17:00.0,12.61
54:57.0,7.53
47:18.0,12.4
52:27.0,11.51
43:26.0,11.95
27:00.0,8.36
10:00.0,6.36
10:11.0,8.7
53:00.0,9.72
48:28.0,8.08
25:00.0,7.85
28:00.0,6.38
38:00.0,6.06
35:45.0,23.0
21:00.0,8.62
24:46.0,6.7
28:00.0,5.98
50:00.0,8.22
10:40.0,17.88
51:32.0,13.43
45:43.0,8.13
06:03.0,6.03
55:07.0,5.71
23:08.0,6.89
33:00.0,4.51
38:29.0,6.78
26:00.0,29.97
15:00.0,10.26
13:00.0,4.94
01:47.0,8.01
45:16.0,8.28
07:00.0,7.33
43:53.0,9.99
44:35.0,5.26
17:00.0,6.08
34:33.0,5.69
37:00.0,13.93
56:00.0,12.01
13:47.0,6.36
56:44.0,13.33
02:00.0,7.79
20:00.0,18.09
51:10.0,9.18
36:00.0,10.88
54:51.0,6.22
20:12.0,22.18
38:36.0,6.93
07:57.0,5.78
43:00.0,8.88
53:32.0,7.64
27:27.0,6.5
45:19.0,28.16
53:25.0,7.35
44:00.0,5.22
34:00.0,10.77
48:00.0,5.76
23:00.0,14.54
28:59.0,5.57
09:00.0,8.45
42:02.0,4.89
54:00.0,5.72
01:01.0,5.85
26:22.0,5.9
02:07.0,12.07
06:00.0,12.28
50:00.0,6.22
58:25.0,5.04
46:00.0,7.64
03:16.0,7.32
03:00.0,5.42
37:00.0,8.82
27:35.0,5.43
50:10.0,17.81
19:50.0,19.3
59:16.0,7.37
53:21.0,8.19
04:00.0,6.6
04:43.0,11.74
54:42.0,49.88
25:52.0,8.47
46:00.0,17.38
18:27.0,7.16
34:47.0,5.87
34:00.0,17.58
53:30.0,9.04
07:27.0,14.14
28:10.0,10.11
00:57.0,12.19
38:18.0,8.23
30:00.0,10.85
52:00.0,34.04
34:58.0,5.0
02:00.0,8.43
12:01.0,12.53
24:00.0,8.7
48:35.0,9.37
46:00.0,5.8
35:59.0,20.63
54:00.0,5.89
20:00.0,6.38
20:00.0,5.82
44:00.0,13.24
18:55.0,6.75
17:00.0,6.39
46:00.0,4.77
32:00.0,6.0
51:46.0,8.62
52:00.0,7.21
02:50.0,11.12
00:00.0,5.29
06:00.0,11.66
54:10.0,13.22
31:49.0,12.21
21:00.0,10.05
36:00.0,7.2
10:00.0,14.32
02:00.0,24.95
45:21.0,8.46
13:27.0,10.59
52:59.0,9.63
28:42.0,9.32
23:11.0,8.3
32:00.0,16.12
35:52.0,9.49
42:00.0,8.0
20:00.0,6.86
16:46.0,19.65
59:29.0,13.83
47:00.0,9.57
52:06.0,12.8
34:14.0,4.96
44:39.0,24.38
45:00.0,6.18
45:32.0,11.25
12:06.0,6.96
05:00.0,35.34
21:32.0,6.32
23:50.0,16.36
43:31.0,9.94
45:03.0,6.1
39:12.0,12.96
24:00.0,5.96
56:00.0,11.2
01:00.0,8.57
11:00.0,6.24
42:29.0,8.96
51:00.0,7.35
08:44.0,8.54
32:00.0,37.92
36:46.0,6.31
35:54.0,15.85
27:05.0,10.28
26:00.0,6.37
04:00.0,7.27
11:00.0,11.56
51:00.0,15.56
13:00.0,6.43
40:00.0,5.81
07:43.0,14.17
19:00.0,5.99
43:00.0,15.28
46:11.0,8.92
32:00.0,6.56
36:38.0,13.5
02:00.0,7.28
43:19.0,11.84
40:00.0,6.87
31:00.0,6.99
24:00.0,9.68
15:00.0,13.86
42:29.0,9.78
55:16.0,12.51
38:43.0,6.04
04:44.0,16.98
40:00.0,6.87
14:07.0,6.69
05:00.0,18.68
52:00.0,12.01
28:00.0,6.88
08:00.0,5.11
12:00.0,7.92
54:00.0,7.99
26:00.0,6.45
29:05.0,6.24
02:00.0,7.67
20:00.0,14.26
26:00.0,15.14
37:29.0,18.51
07:50.0,22.03
50:25.0,31.79
17:54.0,13.69
21:08.0,10.61
24:00.0,17.73
16:53.0,7.32
42:54.0,7.23
27:05.0,5.67
23:24.0,7.45
33:02.0,14.39
54:34.0,13.12
52:40.0,9.0
25:00.0,8.15
36:00.0,53.9
32:18.0,7.09
29:14.0,6.38
54:00.0,7.19
49:38.0,14.93
53:00.0,7.89
32:00.0,12.84
11:11.0,8.74
22:13.0,6.41
08:58.0,5.21
23:00.0,5.66
50:46.0,5.12
19:34.0,7.51
17:00.0,7.24
49:08.0,8.74
27:36.0,12.21
46:17.0,9.7
45:00.0,7.97
43:01.0,5.38
38:58.0,9.55
32:17.0,6.13
48:55.0,8.89
30:00.0,5.78
37:33.0,12.08
02:00.0,10.17
42:44.0,6.44
51:50.0,22.82
12:00.0,6.27
36:38.0,10.08
41:04.0,6.7
12:56.0,7.0
21:41.0,8.24
00:00.0,6.21
33:36.0,8.33
59:00.0,6.92
34:57.0,9.82
41:30.0,8.38
34:59.0,6.07
18:58.0,10.6
03:00.0,7.33
10:00.0,8.2
31:54.0,45.96
52:10.0,8.86
36:00.0,10.54
11:39.0,16.18
18:39.0,28.47
14:31.0,16.02
04:06.0,5.74
12:13.0,6.37
58:00.0,15.53
42:23.0,7.88
30:00.0,9.06
54:00.0,9.79
33:39.0,53.12
59:00.0,11.22
05:00.0,11.6
22:00.0,13.31
00:00.0,14.13
18:19.0,9.29
42:00.0,4.98
19:44.0,8.92
20:00.0,21.5
16:00.0,5.81
19:00.0,6.12
22:00.0,11.74
58:00.0,7.44
07:00.0,14.21
52:49.0,14.96
20:59.0,5.91
48:03.0,6.8
11:00.0,28.06
54:00.0,52.57
58:13.0,19.88
04:45.0,7.56
50:56.0,17.69
13:00.0,8.49
55:02.0,9.07
36:39.0,5.71
14:00.0,8.15
54:26.0,8.73
00:10.0,7.46
44:03.0,23.92
19:39.0,6.73
05:00.0,9.75
11:10.0,13.57
41:06.0,9.23
24:00.0,11.33
48:12.0,7.94
46:00.0,9.67
58:32.0,12.18
31:00.0,7.3
55:00.0,13.2
35:00.0,8.63
42:59.0,9.85
50:00.0,8.96
23:00.0,30.52
10:28.0,9.47
58:00.0,6.49
50:00.0,15.5
24:42.0,5.4
26:05.0,15.99
40:00.0,10.99
05:42.0,10.01
25:00.0,5.45
33:00.0,8.73
37:29.0,21.58
24:00.0,32.04
11:53.0,8.64
35:00.0,7.99
52:00.0,10.71
28:06.0,7.76
12:00.0,14.86
12:41.0,7.71
44:00.0,12.05
26:00.0,8.16
04:00.0,11.74
45:27.0,5.73
11:05.0,13.9
51:00.0,13.3
32:00.0,7.05
01:15.0,8.94
03:38.0,6.98
09:16.0,8.77
37:24.0,43.53
12:00.0,6.35
52:00.0,8.37
04:55.0,5.81
40:00.0,30.45
52:09.0,12.94
43:23.0,14.5
42:35.0,16.45
41:00.0,5.9
58:25.0,23.58
34:46.0,14.03
19:09.0,8.38
27:00.0,12.93
28:28.0,7.96
27:00.0,6.62
34:00.0,8.31
21:40.0,7.45
16:00.0,11.25
03:56.0,14.77
42:57.0,10.62
26:43.0,7.05
24:00.0,12.4
09:22.0,15.22
56:06.0,26.6
07:00.0,6.65
36:13.0,6.74
10:04.0,5.74
47:00.0,5.33
32:00.0,11.64
52:00.0,8.68
42:22.0,9.79
07:47.0,6.86
10:18.0,74.4
32:00.0,6.22
47:34.0,5.81
35:00.0,8.64
28:00.0,54.79
02:33.0,12.34
01:00.0,12.44
21:31.0,25.41
41:00.0,53.37
14:00.0,8.97
56:00.0,7.74
08:24.0,14.42
16:00.0,5.8
19:40.0,6.09
12:00.0,5.91
31:50.0,13.21
26:00.0,8.29
18:43.0,34.41
06:00.0,8.16
38:00.0,8.41
19:08.0,14.72
09:00.0,12.38
12:40.0,6.66
01:21.0,11.74
19:04.0,8.26
28:00.0,7.16
16:59.0,18.86
58:00.0,5.13
18:00.0,8.55
56:32.0,5.53
59:49.0,17.57
05:15.0,48.96
19:12.0,7.47
32:00.0,9.81
22:19.0,9.39
53:41.0,23.85
08:00.0,17.58
12:37.0,6.18
53:04.0,4.66
44:26.0,6.94
49:21.0,6.2
53:27.0,9.62
33:00.0,5.0
52:00.0,11.74
06:00.0,6.18
17:00.0,8.15
24:26.0,11.55
49:49.0,7.38
47:00.0,6.17
21:00.0,7.77
26:00.0,7.28
59:00.0,16.96
37:00.0,8.58
00:00.0,5.82
49:03.0,8.12
41:29.0,6.63
24:55.0,17.0
24:53.0,3.95
43:35.0,21.8
35:28.0,6.58
47:00.0,6.03
49:56.0,8.45
38:14.0,6.6
03:30.0,9.7
13:08.0,6.39
02:00.0,9.87
56:00.0,7.56
42:07.0,6.49
45:00.0,12.22
00:12.0,10.38
01:00.0,9.26
25:43.0,8.27
56:11.0,12.94
32:24.0,18.0
45:00.0,5.91
25:00.0,7.58
15:00.0,17.78
12:00.0,16.55
56:00.0,5.13
26:17.0,8.25
14:42.0,8.94
20:00.0,6.23
48:00.0,15.74
15:52.0,7.05
24:00.0,9.93
09:00.0,18.63
43:00.0,5.9
37:00.0,11.27
22:00.0,5.79
01:58.0,5.48
12:00.0,8.74
36:00.0,8.6
48:49.0,5.94
17:05.0,13.83
59:32.0,7.03
30:00.0,5.69
35:44.0,8.63
23:00.0,17.56
17:27.0,13.58
34:00.0,11.99
28:58.0,11.22
57:10.0,10.8
00:38.0,6.22
40:00.0,12.73
06:29.0,10.2
58:00.0,6.97
00:00.0,10.98
30:13.0,9.1
55:00.0,13.97
59:01.0,8.19
27:51.0,7.28
31:00.0,10.84
53:01.0,10.14
43:05.0,6.8
24:17.0,8.68
59:00.0,7.14
48:12.0,17.87
42:13.0,10.89
59:00.0,6.67
13:02.0,6.3
26:00.0,10.46
23:00.0,7.19
44:00.0,12.27
20:00.0,6.22
12:48.0,8.75
20:02.0,7.86
57:15.0,5.99
06:30.0,5.74
43:00.0,8.24
47:38.0,9.91
25:00.0,5.95
42:44.0,7.88
32:00.0,6.66
58:30.0,34.86
59:00.0,5.47
44:00.0,6.84
53:00.0,10.25
56:00.0,7.34
26:40.0,11.74
01:00.0,16.66
37:23.0,11.47
21:00.0,14.39
07:00.0,27.58
11:24.0,9.36
17:23.0,6.12
43:00.0,4.2
30:49.0,6.15
27:00.0,10.71
48:21.0,5.85
48:00.0,5.01
17:36.0,5.75
10:00.0,6.75
20:59.0,8.82
57:38.0,6.0
38:21.0,6.71
22:52.0,7.5
22:00.0,6.78
17:00.0,6.2
33:27.0,10.17
59:00.0,7.76
16:00.0,8.14
24:00.0,19.3
10:54.0,5.45
08:15.0,9.09
16:00.0,33.74
54:00.0,5.01
37:00.0,19.03
53:00.0,5.38
24:53.0,7.46
39:21.0,7.77
53:00.0,9.62
52:29.0,6.1
54:00.0,9.89
13:19.0,9.1
23:00.0,8.38
23:56.0,7.5
09:03.0,6.63
02:00.0,27.36
37:41.0,8.41
49:41.0,6.41
37:00.0,55.01
46:00.0,7.05
11:00.0,8.09
30:26.0,7.64
30:31.0,6.04
23:00.0,5.73
06:55.0,54.73
48:46.0,6.27
48:00.0,9.94
46:00.0,13.51
26:37.0,7.12
45:55.0,16.36
00:51.0,6.61
17:48.0,6.44
08:01.0,15.4
16:07.0,6.42
28:00.0,13.73
49:41.0,16.49
00:02.0,5.98
33:13.0,8.74
16:09.0,6.73
12:20.0,8.31
19:38.0,7.45
23:22.0,11.19
26:00.0,12.02
44:40.0,8.56
43:00.0,8.55
46:15.0,13.34
46:26.0,6.59
06:42.0,5.33
15:00.0,13.95
47:00.0,7.16
50:51.0,7.29
05:10.0,7.79
53:16.0,5.82
18:00.0,19.35
50:00.0,25.04
49:55.0,8.59
39:53.0,12.23
32:00.0,6.48
40:14.0,12.03
24:42.0,5.87
05:19.0,6.88
08:14.0,5.89
00:57.0,9.04
45:00.0,8.06
45:32.0,6.1
20:00.0,11.74
13:00.0,11.07
41:18.0,12.04
09:32.0,6.84
43:00.0,9.07
42:00.0,7.37
53:26.0,5.3
54:45.0,12.9
50:48.0,6.3
25:41.0,10.68
07:00.0,10.44
34:12.0,9.13
32:00.0,5.87
29:18.0,24.72
51:38.0,15.48
07:00.0,14.91
26:00.0,8.15
02:07.0,9.52
08:00.0,8.33
31:08.0,15.33
01:00.0,9.0
36:37.0,12.38
34:55.0,10.34
58:51.0,7.01
51:00.0,5.86
45:03.0,65.67
42:59.0,10.08
31:32.0,13.67
14:00.0,10.77
32:00.0,16.03
46:04.0,7.93
45:52.0,16.2
39:47.0,10.45
47:00.0,6.94
28:00.0,5.49
28:21.0,6.56
16:00.0,11.83
08:49.0,13.53
07:00.0,12.75
12:00.0,11.59
29:10.0,10.33
48:00.0,6.97
24:38.0,10.17
27:08.0,22.5
55:00.0,9.57
07:00.0,16.75
36:39.0,4.95
29:27.0,8.37
33:00.0,7.01
36:00.0,5.11
18:00.0,11.08
09:00.0,6.78
03:19.0,9.28
30:55.0,12.18
43:00.0,7.89
00:00.0,4.23
26:29.0,5.01
34:00.0,15.77
26:56.0,13.31
39:00.0,6.77
17:00.0,13.0
49:00.0,7.24
50:00.0,7.54
50:15.0,8.3
12:30.0,18.4
16:00.0,7.02
33:00.0,7.49
28:10.0,8.31
04:00.0,6.5
28:00.0,10.74
48:00.0,6.32
04:26.0,16.07
54:32.0,8.07
04:00.0,6.77
57:00.0,7.81
52:35.0,9.24
33:00.0,6.93
43:40.0,32.66
08:41.0,12.63
29:00.0,6.14
41:20.0,4.82
10:38.0,9.65
35:33.0,7.27
22:00.0,5.26
07:00.0,4.55
45:31.0,5.06
33:18.0,9.68
19:24.0,8.96
01:00.0,13.5
55:06.0,9.17
51:00.0,12.57
48:10.0,7.1
46:56.0,13.82
33:21.0,5.26
31:00.0,5.64
50:00.0,7.15
32:34.0,5.11
29:05.0,6.01
37:21.0,13.31
44:00.0,5.99
20:00.0,5.51
53:29.0,7.88
30:00.0,5.99
10:53.0,5.92
23:10.0,12.48
12:00.0,6.58
33:00.0,25.15
30:48.0,6.17
20:00.0,5.23
06:00.0,11.61
43:33.0,9.22
37:08.0,6.89
33:00.0,8.57
22:00.0,7.94
44:38.0,8.37
25:00.0,5.68
46:29.0,7.64
31:00.0,6.99
01:34.0,6.36
35:58.0,7.9
44:01.0,5.78
14:00.0,8.51
55:00.0,6.32
05:07.0,7.23
45:21.0,9.51
33:00.0,5.94
36:00.0,7.76
01:17.0,5.48
43:00.0,6.61
12:01.0,4.56
18:00.0,5.77
21:00.0,20.42
47:00.0,5.24
24:09.0,11.9
13:17.0,9.81
57:52.0,11.95
20:00.0,11.12
05:48.0,5.9
42:00.0,5.0
00:35.0,8.08
23:49.0,6.05
09:00.0,9.42
12:00.0,6.69
16:56.0,11.42
25:11.0,10.44
41:50.0,6.04
10:00.0,6.84
57:00.0,10.03
48:40.0,10.0
52:14.0,5.65
15:28.0,6.37
47:00.0,5.52
12:00.0,5.82
53:00.0,6.67
10:04.0,6.63
27:10.0,7.56
05:00.0,15.49
38:00.0,7.71
10:00.0,11.32
49:00.0,10.2
30:45.0,6.45
41:00.0,6.48
20:00.0,18.16
26:32.0,37.11
46:00.0,7.49
56:00.0,36.1
36:00.0,19.85
55:00.0,39.65
16:37.0,12.68
42:00.0,13.56
39:00.0,33.13
57:00.0,50.74
53:00.0,5.97
53:36.0,15.41
41:00.0,6.87
56:24.0,7.21
50:21.0,11.74
18:02.0,4.78
01:01.0,18.98
03:30.0,6.23
13:11.0,14.3
20:00.0,19.67
16:00.0,9.79
07:04.0,18.59
21:05.0,8.78
28:00.0,11.02
38:37.0,8.75
12:21.0,5.85
19:00.0,11.74
43:00.0,5.29
42:00.0,15.68
37:00.0,5.55
